Pair ID,Pair Type,Polymer Type,Name,pSMILES,Tg (C),Tg (K),Tg_final (C) ,Reference,Notes,Tg_pred_variant_0,Tg_pred_variant_1,Tg_pred_variant_2,Tg_pred_variant_3,Tg_pred_variant_4,Tg_pred_variant_5,Tg_pred_variant_6,Tg_pred_variant_7,Tg_pred_variant_8,Tg_pred_variant_9,Tg_pred_mean,Tg_pred_std
1,A-Am,A,Poly(ispropyl) acrylate,*CC(C(=O)OC(C)C)*,-,266.667,-6.483,https://link.springer.com/article/10.1007/s10973-016-5701-6 ,"average of conv (267K), syn (271K) and iso (262K)",12.368210792541504,8.320369720458984,6.375766754150391,4.348518371582031,9.669118881225586,7.290367126464844,-0.0046148300170898,10.892148971557615,3.232184410095215,8.651466369628906,7.114353656768799,3.744567240805828
1,A-Am,Am,Poly(N-isopropylacrylamide),*CC(C(=O)NC(C)C)*,-,358,84.85,https://link.springer.com/article/10.1007/s10973-016-5701-6 ,-,90.43429565429688,79.645263671875,92.6892547607422,82.63066864013672,93.20094299316406,97.3003158569336,90.16988372802734,92.6327896118164,91.81270599365234,94.0926284790039,90.46087493896485,5.3474901285089835
2,MA-Mam,MA,poly [N- [4-(methacryloyloxy)phenyl]-2-(4-methoxyphenyl)acetamide] (poly-O),*CC(C)(C(=O)Oc1ccc(NC(=O)Cc2ccc(OC)cc2)cc1)*,-,418,144.85,http://pubs.acs.org/doi/10.1021/ma00066a029,-,157.38609313964844,152.26507568359375,169.86106872558594,144.450439453125,158.84352111816406,160.8953094482422,157.3526153564453,162.95114135742188,149.42271423339844,166.07174682617188,157.9499725341797,7.6758418549856735
2,MA-Mam,Mam,poly[N- [4- [ [(4-methoxyphenyl)acetyl] oxy] phenyl] methacrylamide] (poly-A),*CC(C)(C(=O)Nc1ccc(NC(=O)Cc2ccc(OC)cc2)cc1)*,-,515,241.85,http://pubs.acs.org/doi/10.1021/ma00066a029,-,166.59153747558594,159.84788513183594,174.01568603515625,151.83514404296875,162.78143310546875,172.1099090576172,156.84230041503906,175.88478088378906,168.17245483398438,174.60855102539062,166.2689682006836,8.235820063210715
3,MA-Mam,MA,poly[(3-(9H-carbazol-9-yl)propyl) methacrylate] (PPrMA),*CC(*)(C)C(=O)OCCCN1c2ccccc2-c2ccccc21,111,-,111.0,https://pubs.rsc.org/en/content/articlelanding/2023/tc/d3tc03394e,-,82.9349365234375,80.38220977783203,76.84341430664062,82.00196075439453,77.76864624023438,79.98673248291016,77.6811294555664,81.19515228271484,81.47941589355469,83.39214324951172,80.36657409667968,2.2820074873095066
3,MA-Mam,Mam,poly[N-(3-(9H-carbazol-9-yl)propyl)methacrylamide] (PCaPMA),*CC(*)(C)C(=O)NCCCN1c2ccccc2-c2ccccc21,151,-,151.0,https://pubs.rsc.org/en/content/articlelanding/2023/tc/d3tc03394e,-,103.78308868408205,107.1108856201172,108.1186981201172,101.62984466552734,96.78166198730467,100.2634506225586,115.28121948242188,102.7630615234375,101.48762512207033,110.26910400390624,104.7488639831543,5.448484243672783
4,MA-Mam,MA,poly[4-(methoxycarbonyl)phenyl methacrylate],*CC(C)(*)C(=O)Oc1ccc(C(=O)OC)cc1,-,379,105.85,http://pubs.acs.org/doi/10.1021/ma00066a029,-,86.82962799072266,91.89631652832033,94.01220703125,86.94295501708984,86.65884399414062,87.4704818725586,77.09530639648438,82.85227966308594,86.15657043457031,84.71866607666016,86.46332550048828,4.617084053925399
4,MA-Mam,Mam,poly[[4-(methoxycarbonyl)phenyl]methacrylamide],*CC(C)(*)C(=O)Nc1ccc(C(=O)OC)cc1,-,453,179.85,http://pubs.acs.org/doi/10.1021/ma00066a029,-,164.290771484375,163.597900390625,175.36215209960938,148.1490936279297,160.4248809814453,167.0358123779297,153.88809204101562,163.5334930419922,167.058349609375,175.72802734375,163.9068572998047,8.510616125296172
5,A-MA,A,Poly(syringaldehyde acrylate),*CC(*)C(=O)Oc1c(OC)cc(C=O)cc1(OC),170,-,170.0,https://onlinelibrary.wiley.com/doi/full/10.1002/macp.201600305,-,83.79198455810547,77.74315643310547,103.35769653320312,77.11813354492188,81.07666015625,104.29767608642578,93.63574981689452,79.77263641357422,87.64971160888672,91.73802185058594,88.01814270019531,10.023718427342263
5,A-MA,MA,Poly(syringaldehyde methacrylate),*CC(C)(*)C(=O)Oc1c(OC)cc(C=O)cc1(OC),180,-,180.0,https://onlinelibrary.wiley.com/doi/full/10.1002/macp.201600305,-,95.40991973876952,86.90032958984375,113.5389633178711,84.69978332519531,94.12539672851562,114.59178161621094,106.87909698486328,89.98477172851562,100.72747039794922,104.01200103759766,99.0869514465332,10.611403591122627
6,A-MA,A,Poly(vanillin acrylate),*CC(*)C(=O)Oc1c(OC)cc(C=O)cc1,95,-,95.0,https://onlinelibrary.wiley.com/doi/full/10.1002/macp.201600305,-,63.54436111450195,56.89540481567383,91.93118286132812,66.87580108642578,63.4279670715332,88.58714294433594,76.99385070800781,62.42580032348633,70.69882202148438,70.9672622680664,71.23475952148438,11.475949124530029
6,A-MA,MA,Poly(vanillin methacrylate),*CC(C)(*)C(=O)Oc1c(OC)cc(C=O)cc1,110,-,110.0,https://onlinelibrary.wiley.com/doi/full/10.1002/macp.201600305,-,82.49156188964844,73.31279754638672,107.11236572265624,77.20865631103516,82.28975677490234,104.6734390258789,94.43124389648438,81.15452575683594,90.0048599243164,92.96812438964844,88.56473312377929,11.31438012749215
7,A-MA,A,Poly(lauryl acrylate),*CC(*)C(=O)OCCCCCCCCCCCC,-17,-,-17.0,https://www.taylorfrancis.com/books/mono/10.1201/b19190/handbook-thermoplastics-olagoke-olabisi-kolapo-adewale,-,-75.85094451904297,-72.78723907470703,-79.03873443603516,-74.35941314697266,-77.65161895751953,-72.9646224975586,-80.88987731933594,-78.15399932861328,-75.48509216308594,-69.28702545166016,-75.64685668945313,3.445504526075915
7,A-MA,MA,Poly(lauryl methacrylate),*CC(C)(*)C(=O)OCCCCCCCCCCCC,-65,-,-65.0,https://www.taylorfrancis.com/books/mono/10.1201/b19190/handbook-thermoplastics-olagoke-olabisi-kolapo-adewale,-,-33.669273376464844,-36.68115234375,-39.410682678222656,-33.16777038574219,-38.276123046875,-34.698238372802734,-40.14461135864258,-39.81857681274414,-36.08297729492188,-29.060840606689453,-36.10102462768555,3.531476654307756
8,A-MA,A,Poly(methyl acrylate),*CC(*)C(=O)OC,22,-,22.0,https://www.taylorfrancis.com/books/mono/10.1201/b19190/handbook-thermoplastics-olagoke-olabisi-kolapo-adewale,-,42.82826232910156,47.61164474487305,43.91549301147461,41.0992431640625,44.805423736572266,61.72412872314453,42.57398223876953,44.718711853027344,43.76143646240234,50.27801513671875,46.33163414001465,6.011906772282074
8,A-MA,MA,Poly(methyl methacrylate),*CC(C)(*)C(=O)OC,105,-,105.0,https://www.taylorfrancis.com/books/mono/10.1201/b19190/handbook-thermoplastics-olagoke-olabisi-kolapo-adewale,-,102.31626892089844,101.00074005126952,104.95843505859376,97.67266845703124,101.34479522705078,109.73726654052734,95.82190704345705,103.09557342529295,104.25514221191406,105.49681854248048,102.56996154785156,3.976391830854867
9,A-MA,A,Poly(ethyl acrylate),*CC(*)C(=O)OCC,-8,-,-8.0,https://www.taylorfrancis.com/books/mono/10.1201/b19190/handbook-thermoplastics-olagoke-olabisi-kolapo-adewale,-,-14.518234252929688,-11.823867797851562,-15.54321002960205,-17.4196720123291,-15.965614318847656,-14.5372314453125,-21.75535774230957,-18.241724014282227,-13.411276817321776,-14.672218322753906,-15.788840675354004,2.7922270763197554
9,A-MA,MA,Poly(ethyl methacrylate),*CC(C)(*)C(=O)OCC,65,-,65.0,https://www.taylorfrancis.com/books/mono/10.1201/b19190/handbook-thermoplastics-olagoke-olabisi-kolapo-adewale,-,62.48277282714844,65.59075927734375,65.75708770751953,60.36032485961914,61.630401611328125,61.76955032348633,57.2260971069336,62.38844299316406,68.88591003417969,59.867313385009766,62.59586601257324,3.3578292815993853
10,A-MA,A,Poly(n-propyl acrylate),*CC(*)C(=O)OCCC,-25,-,-25.0,https://www.taylorfrancis.com/books/mono/10.1201/b19190/handbook-thermoplastics-olagoke-olabisi-kolapo-adewale,-,-34.504825592041016,-32.14166259765625,-35.94563293457031,-33.510555267333984,-35.033164978027344,-34.50303268432617,-42.63296127319336,-40.35728073120117,-32.42467498779297,-31.57730865478516,-35.26310997009277,3.596192973403578
10,A-MA,MA,Poly(n-propyl methacrylate),*CC(C)(*)C(=O)OCCC,35,-,35.0,https://www.taylorfrancis.com/books/mono/10.1201/b19190/handbook-thermoplastics-olagoke-olabisi-kolapo-adewale,-,38.36671447753906,42.50938034057617,40.40076446533203,42.56161880493164,37.302024841308594,39.39373779296875,35.32016372680664,34.407840728759766,41.81422424316406,40.17857360839844,39.225504302978514,2.8641794116768207
11,Am-Mam,Am,Poly(N-(beta-glycosyloxy)-ethyl acrylamide),*CC(*)C(=O)NCCOC1OC(CO)C(O)C(O)C1O,144.5,-,144.5,https://pubs.rsc.org/en/content/articlelanding/2018/gc/c7gc03023a,"average of RAFT (142C), FRP (147C)",105.69435119628906,99.87442016601562,113.7767562866211,114.79136657714844,112.00633239746094,110.80821228027344,106.11869049072266,104.74720764160156,86.5078125,108.62212371826172,106.29472732543945,8.314064314436378
11,Am-Mam,Mam,Poly(N-(beta-glycosyloxy)-ethyl methacrylamide),*CC(C)(*)C(=O)NCCOC1OC(CO)C(O)C(O)C1O,168,-,168.0,https://pubs.rsc.org/en/content/articlelanding/2018/gc/c7gc03023a,"average of RAFT (165C), FRP (171C)",109.08292388916016,106.47228240966795,118.16188049316406,119.63029479980467,115.45855712890624,110.45711517333984,109.7872543334961,110.77019500732422,92.00141143798828,113.38184356689452,110.5203758239746,7.716980544652844
